{
  "config": {
    "n_nodes": 1000,
    "total_steps": 150,
    "num_trials": 5,
    "lambda_base": 0.12,
    "lambda_ratios": [
      0.1,
      0.13894954943731375,
      0.193069772888325,
      0.2682695795279726,
      0.372759372031494,
      0.517947467923121,
      0.7196856730011519,
      1.0,
      1.3894954943731375,
      1.9306977288832496,
      2.6826957952797246,
      3.72759372031494,
      5.17947467923121,
      7.196856730011517,
      10.0
    ]
  },
  "filepath": "../results/transition_rate_asymmetry/transition_rate_asymmetry_20250413_115607_n_nodes_1000_total_steps_150.pkl",
  "timestamp": "rate"
}